{
    "name": "root",
    "metadata": {
        "timer_format_version": "0.1.0",
        "start_time_seconds": "1653384862",
        "python_version": "3.8.0 (default, Nov  6 2019, 15:49:01) \n[Clang 4.0.1 (tags/RELEASE_401/final)]",
        "command_line_arguments": "/usr/local/anaconda3/envs/mlagents/bin/mlagents-learn --force",
        "mlagents_version": "0.28.0",
        "mlagents_envs_version": "0.28.0",
        "communication_protocol_version": "1.5.0",
        "pytorch_version": "1.7.1",
        "numpy_version": "1.22.3",
        "end_time_seconds": "1653384947"
    },
    "total": 84.9331004,
    "count": 1,
    "self": 0.009882749999988505,
    "children": {
        "run_training.setup": {
            "total": 0.037947976999999966,
            "count": 1,
            "self": 0.037947976999999966
        },
        "TrainerController.start_learning": {
            "total": 84.88526967300001,
            "count": 1,
            "self": 0.05932121799999379,
            "children": {
                "TrainerController._reset_env": {
                    "total": 3.9770479780000003,
                    "count": 1,
                    "self": 3.9770479780000003
                },
                "TrainerController.advance": {
                    "total": 80.57031336400001,
                    "count": 1367,
                    "self": 0.05582242199997722,
                    "children": {
                        "env_step": {
                            "total": 80.24280578599999,
                            "count": 1367,
                            "self": 75.25404973000002,
                            "children": {
                                "SubprocessEnvManager._take_step": {
                                    "total": 4.95496721899999,
                                    "count": 1367,
                                    "self": 0.15751439499998998,
                                    "children": {
                                        "TorchPolicy.evaluate": {
                                            "total": 4.797452824,
                                            "count": 1367,
                                            "self": 0.7764369470000121,
                                            "children": {
                                                "TorchPolicy.sample_actions": {
                                                    "total": 4.0210158769999875,
                                                    "count": 1367,
                                                    "self": 4.0210158769999875
                                                }
                                            }
                                        }
                                    }
                                },
                                "workers": {
                                    "total": 0.033788836999987915,
                                    "count": 1366,
                                    "self": 0.0,
                                    "children": {
                                        "worker_root": {
                                            "total": 17.866903537999963,
                                            "count": 1366,
                                            "is_parallel": true,
                                            "self": 7.843797294999888,
                                            "children": {
                                                "steps_from_proto": {
                                                    "total": 0.0005245640000000051,
                                                    "count": 1,
                                                    "is_parallel": true,
                                                    "self": 0.00032371899999983356,
                                                    "children": {
                                                        "_process_rank_one_or_two_observation": {
                                                            "total": 0.00020084500000017158,
                                                            "count": 2,
                                                            "is_parallel": true,
                                                            "self": 0.00020084500000017158
                                                        }
                                                    }
                                                },
                                                "UnityEnvironment.step": {
                                                    "total": 10.022581679000076,
                                                    "count": 1366,
                                                    "is_parallel": true,
                                                    "self": 0.23331633099999394,
                                                    "children": {
                                                        "UnityEnvironment._generate_step_input": {
                                                            "total": 0.18544882300000376,
                                                            "count": 1366,
                                                            "is_parallel": true,
                                                            "self": 0.18544882300000376
                                                        },
                                                        "communicator.exchange": {
                                                            "total": 8.747597225000032,
                                                            "count": 1366,
                                                            "is_parallel": true,
                                                            "self": 8.747597225000032
                                                        },
                                                        "steps_from_proto": {
                                                            "total": 0.8562193000000464,
                                                            "count": 1366,
                                                            "is_parallel": true,
                                                            "self": 0.5929752030000479,
                                                            "children": {
                                                                "_process_rank_one_or_two_observation": {
                                                                    "total": 0.2632440969999985,
                                                                    "count": 2732,
                                                                    "is_parallel": true,
                                                                    "self": 0.2632440969999985
                                                                }
                                                            }
                                                        }
                                                    }
                                                }
                                            }
                                        }
                                    }
                                }
                            }
                        },
                        "trainer_advance": {
                            "total": 0.2716851560000437,
                            "count": 1366,
                            "self": 0.0620596410000358,
                            "children": {
                                "process_trajectory": {
                                    "total": 0.20962551500000792,
                                    "count": 1366,
                                    "self": 0.20962551500000792
                                }
                            }
                        }
                    }
                },